PRAGMA foreign_keys=OFF;
BEGIN TRANSACTION;Sistema de Escalas
CREATE TABLE IF NOT EXISTS "django_migrations" ("id" integer NOT NULL PRIMARY KEY AUTOINCREMENT, "app" varchar(255) NOT NULL, "name" varchar(255) NOT NULL, "applied" datetime NOT NULL);
INSERT INTO django_migrations VALUES(1,'contenttypes','0001_initial','2025-05-30 14:56:12.148274');
INSERT INTO django_migrations VALUES(2,'auth','0001_initial','2025-05-30 14:56:12.598660');
INSERT INTO django_migrations VALUES(3,'admin','0001_initial','2025-05-30 14:56:13.185873');
INSERT INTO django_migrations VALUES(4,'admin','0002_logentry_remove_auto_add','2025-05-30 14:56:13.639120');
INSERT INTO django_migrations VALUES(5,'admin','0003_logentry_add_action_flag_choices','2025-05-30 14:56:14.000346');
INSERT INTO django_migrations VALUES(6,'contenttypes','0002_remove_content_type_name','2025-05-30 14:56:14.691240');
INSERT INTO django_migrations VALUES(7,'auth','0002_alter_permission_name_max_length','2025-05-30 14:56:15.306302');
INSERT INTO django_migrations VALUES(8,'auth','0003_alter_user_email_max_length','2025-05-30 14:56:16.112918');
INSERT INTO django_migrations VALUES(9,'auth','0004_alter_user_username_opts','2025-05-30 14:56:16.571116');
INSERT INTO django_migrations VALUES(10,'auth','0005_alter_user_last_login_null','2025-05-30 14:56:17.177362');
INSERT INTO django_migrations VALUES(11,'auth','0006_require_contenttypes_0002','2025-05-30 14:56:17.611710');
INSERT INTO django_migrations VALUES(12,'auth','0007_alter_validators_add_error_messages','2025-05-30 14:56:17.960421');
INSERT INTO django_migrations VALUES(13,'auth','0008_alter_user_username_max_length','2025-05-30 14:56:18.459827');
INSERT INTO django_migrations VALUES(14,'auth','0009_alter_user_last_name_max_length','2025-05-30 14:56:18.868479');
INSERT INTO django_migrations VALUES(15,'auth','0010_alter_group_name_max_length','2025-05-30 14:56:19.337110');
INSERT INTO django_migrations VALUES(16,'auth','0011_update_proxy_permissions','2025-05-30 14:56:19.914702');
INSERT INTO django_migrations VALUES(17,'auth','0012_alter_user_first_name_max_length','2025-05-30 14:56:20.348739');
INSERT INTO django_migrations VALUES(18,'reversion','0001_squashed_0004_auto_20160611_1202','2025-05-30 14:56:21.217058');
INSERT INTO django_migrations VALUES(19,'reversion','0002_add_index_on_version_for_content_type_and_db','2025-05-30 14:56:21.511917');
INSERT INTO django_migrations VALUES(20,'sessions','0001_initial','2025-05-30 14:56:22.265849');
INSERT INTO django_migrations VALUES(21,'core','0001_initial','2025-05-30 14:56:34.784628');
CREATE TABLE IF NOT EXISTS "auth_group_permissions" ("id" integer NOT NULL PRIMARY KEY AUTOINCREMENT, "group_id" integer NOT NULL REFERENCES "auth_group" ("id") DEFERRABLE INITIALLY DEFERRED, "permission_id" integer NOT NULL REFERENCES "auth_permission" ("id") DEFERRABLE INITIALLY DEFERRED);
CREATE TABLE IF NOT EXISTS "auth_user_groups" ("id" integer NOT NULL PRIMARY KEY AUTOINCREMENT, "user_id" integer NOT NULL REFERENCES "auth_user" ("id") DEFERRABLE INITIALLY DEFERRED, "group_id" integer NOT NULL REFERENCES "auth_group" ("id") DEFERRABLE INITIALLY DEFERRED);
CREATE TABLE IF NOT EXISTS "auth_user_user_permissions" ("id" integer NOT NULL PRIMARY KEY AUTOINCREMENT, "user_id" integer NOT NULL REFERENCES "auth_user" ("id") DEFERRABLE INITIALLY DEFERRED, "permission_id" integer NOT NULL REFERENCES "auth_permission" ("id") DEFERRABLE INITIALLY DEFERRED);
CREATE TABLE IF NOT EXISTS "django_admin_log" ("id" integer NOT NULL PRIMARY KEY AUTOINCREMENT, "object_id" text NULL, "object_repr" varchar(200) NOT NULL, "action_flag" smallint unsigned NOT NULL CHECK ("action_flag" >= 0), "change_message" text NOT NULL, "content_type_id" integer NULL REFERENCES "django_content_type" ("id") DEFERRABLE INITIALLY DEFERRED, "user_id" integer NOT NULL REFERENCES "auth_user" ("id") DEFERRABLE INITIALLY DEFERRED, "action_time" datetime NOT NULL);
CREATE TABLE IF NOT EXISTS "django_content_type" ("id" integer NOT NULL PRIMARY KEY AUTOINCREMENT, "app_label" varchar(100) NOT NULL, "model" varchar(100) NOT NULL);
INSERT INTO django_content_type VALUES(1,'core','escala');
INSERT INTO django_content_type VALUES(2,'core','previsaoescalasproxy');
INSERT INTO django_content_type VALUES(3,'admin','logentry');
INSERT INTO django_content_type VALUES(4,'core','servico');
INSERT INTO django_content_type VALUES(5,'core','militar');
INSERT INTO django_content_type VALUES(6,'core','dispensa');
INSERT INTO django_content_type VALUES(7,'auth','user');
INSERT INTO django_content_type VALUES(8,'auth','group');
INSERT INTO django_content_type VALUES(9,'auth','permission');
INSERT INTO django_content_type VALUES(10,'contenttypes','contenttype');
INSERT INTO django_content_type VALUES(11,'sessions','session');
INSERT INTO django_content_type VALUES(12,'reversion','version');
INSERT INTO django_content_type VALUES(13,'reversion','revision');
INSERT INTO django_content_type VALUES(14,'core','configuracaounidade');
INSERT INTO django_content_type VALUES(15,'core','feriado');
INSERT INTO django_content_type VALUES(16,'core','log');
INSERT INTO django_content_type VALUES(17,'core','nomeacao');
INSERT INTO django_content_type VALUES(18,'core','regranomeacao');
INSERT INTO django_content_type VALUES(19,'core','trocaservico');
INSERT INTO django_content_type VALUES(20,'core','role');
INSERT INTO django_content_type VALUES(21,'core','escalamilitar');
CREATE TABLE IF NOT EXISTS "auth_permission" ("id" integer NOT NULL PRIMARY KEY AUTOINCREMENT, "content_type_id" integer NOT NULL REFERENCES "django_content_type" ("id") DEFERRABLE INITIALLY DEFERRED, "codename" varchar(100) NOT NULL, "name" varchar(255) NOT NULL);
INSERT INTO auth_permission VALUES(1,3,'add_logentry','Can add log entry');
INSERT INTO auth_permission VALUES(2,3,'change_logentry','Can change log entry');
INSERT INTO auth_permission VALUES(3,3,'delete_logentry','Can delete log entry');
INSERT INTO auth_permission VALUES(4,3,'view_logentry','Can view log entry');
INSERT INTO auth_permission VALUES(5,7,'add_user','Can add user');
INSERT INTO auth_permission VALUES(6,7,'change_user','Can change user');
INSERT INTO auth_permission VALUES(7,7,'delete_user','Can delete user');
INSERT INTO auth_permission VALUES(8,7,'view_user','Can view user');
INSERT INTO auth_permission VALUES(9,8,'add_group','Can add group');
INSERT INTO auth_permission VALUES(10,8,'change_group','Can change group');
INSERT INTO auth_permission VALUES(11,8,'delete_group','Can delete group');
INSERT INTO auth_permission VALUES(12,8,'view_group','Can view group');
INSERT INTO auth_permission VALUES(13,9,'add_permission','Can add permission');
INSERT INTO auth_permission VALUES(14,9,'change_permission','Can change permission');
INSERT INTO auth_permission VALUES(15,9,'delete_permission','Can delete permission');
INSERT INTO auth_permission VALUES(16,9,'view_permission','Can view permission');
INSERT INTO auth_permission VALUES(17,10,'add_contenttype','Can add content type');
INSERT INTO auth_permission VALUES(18,10,'change_contenttype','Can change content type');
INSERT INTO auth_permission VALUES(19,10,'delete_contenttype','Can delete content type');
INSERT INTO auth_permission VALUES(20,10,'view_contenttype','Can view content type');
INSERT INTO auth_permission VALUES(21,11,'add_session','Can add session');
INSERT INTO auth_permission VALUES(22,11,'change_session','Can change session');
INSERT INTO auth_permission VALUES(23,11,'delete_session','Can delete session');
INSERT INTO auth_permission VALUES(24,11,'view_session','Can view session');
INSERT INTO auth_permission VALUES(25,12,'add_version','Can add version');
INSERT INTO auth_permission VALUES(26,12,'change_version','Can change version');
INSERT INTO auth_permission VALUES(27,12,'delete_version','Can delete version');
INSERT INTO auth_permission VALUES(28,12,'view_version','Can view version');
INSERT INTO auth_permission VALUES(29,13,'add_revision','Can add revision');
INSERT INTO auth_permission VALUES(30,13,'change_revision','Can change revision');
INSERT INTO auth_permission VALUES(31,13,'delete_revision','Can delete revision');
INSERT INTO auth_permission VALUES(32,13,'view_revision','Can view revision');
INSERT INTO auth_permission VALUES(33,14,'add_configuracaounidade','Can add Configuração da Unidade');
INSERT INTO auth_permission VALUES(34,14,'change_configuracaounidade','Can change Configuração da Unidade');
INSERT INTO auth_permission VALUES(35,14,'delete_configuracaounidade','Can delete Configuração da Unidade');
INSERT INTO auth_permission VALUES(36,14,'view_configuracaounidade','Can view Configuração da Unidade');
INSERT INTO auth_permission VALUES(37,15,'add_feriado','Can add Feriado');
INSERT INTO auth_permission VALUES(38,15,'change_feriado','Can change Feriado');
INSERT INTO auth_permission VALUES(39,15,'delete_feriado','Can delete Feriado');
INSERT INTO auth_permission VALUES(40,15,'view_feriado','Can view Feriado');
INSERT INTO auth_permission VALUES(41,16,'add_log','Can add Log');
INSERT INTO auth_permission VALUES(42,16,'change_log','Can change Log');
INSERT INTO auth_permission VALUES(43,16,'delete_log','Can delete Log');
INSERT INTO auth_permission VALUES(44,16,'view_log','Can view Log');
INSERT INTO auth_permission VALUES(45,4,'add_servico','Can add servico');
INSERT INTO auth_permission VALUES(46,4,'change_servico','Can change servico');
INSERT INTO auth_permission VALUES(47,4,'delete_servico','Can delete servico');
INSERT INTO auth_permission VALUES(48,4,'view_servico','Can view servico');
INSERT INTO auth_permission VALUES(49,17,'add_nomeacao','Can add Nomeação');
INSERT INTO auth_permission VALUES(50,17,'change_nomeacao','Can change Nomeação');
INSERT INTO auth_permission VALUES(51,17,'delete_nomeacao','Can delete Nomeação');
INSERT INTO auth_permission VALUES(52,17,'view_nomeacao','Can view Nomeação');
INSERT INTO auth_permission VALUES(53,18,'add_regranomeacao','Can add Regra de Nomeação');
INSERT INTO auth_permission VALUES(54,18,'change_regranomeacao','Can change Regra de Nomeação');
INSERT INTO auth_permission VALUES(55,18,'delete_regranomeacao','Can delete Regra de Nomeação');
INSERT INTO auth_permission VALUES(56,18,'view_regranomeacao','Can view Regra de Nomeação');
INSERT INTO auth_permission VALUES(57,6,'add_dispensa','Can add dispensa');
INSERT INTO auth_permission VALUES(58,6,'change_dispensa','Can change dispensa');
INSERT INTO auth_permission VALUES(59,6,'delete_dispensa','Can delete dispensa');
INSERT INTO auth_permission VALUES(60,6,'view_dispensa','Can view dispensa');
INSERT INTO auth_permission VALUES(61,19,'add_trocaservico','Can add Troca de Serviço');
INSERT INTO auth_permission VALUES(62,19,'change_trocaservico','Can change Troca de Serviço');
INSERT INTO auth_permission VALUES(63,19,'delete_trocaservico','Can delete Troca de Serviço');
INSERT INTO auth_permission VALUES(64,19,'view_trocaservico','Can view Troca de Serviço');
INSERT INTO auth_permission VALUES(65,1,'add_escala','Can add Escala');
INSERT INTO auth_permission VALUES(66,1,'change_escala','Can change Escala');
INSERT INTO auth_permission VALUES(67,1,'delete_escala','Can delete Escala');
INSERT INTO auth_permission VALUES(68,1,'view_escala','Can view Escala');
INSERT INTO auth_permission VALUES(69,5,'add_militar','Can add Militar');
INSERT INTO auth_permission VALUES(70,5,'change_militar','Can change Militar');
INSERT INTO auth_permission VALUES(71,5,'delete_militar','Can delete Militar');
INSERT INTO auth_permission VALUES(72,5,'view_militar','Can view Militar');
INSERT INTO auth_permission VALUES(73,20,'add_role','Can add role');
INSERT INTO auth_permission VALUES(74,20,'change_role','Can change role');
INSERT INTO auth_permission VALUES(75,20,'delete_role','Can delete role');
INSERT INTO auth_permission VALUES(76,20,'view_role','Can view role');
INSERT INTO auth_permission VALUES(77,21,'add_escalamilitar','Can add Militar na Escala');
INSERT INTO auth_permission VALUES(78,21,'change_escalamilitar','Can change Militar na Escala');
INSERT INTO auth_permission VALUES(79,21,'delete_escalamilitar','Can delete Militar na Escala');
INSERT INTO auth_permission VALUES(80,21,'view_escalamilitar','Can view Militar na Escala');
INSERT INTO auth_permission VALUES(81,2,'add_previsaoescalasproxy','Can add Previsões de Nomeação');
INSERT INTO auth_permission VALUES(82,2,'change_previsaoescalasproxy','Can change Previsões de Nomeação');
INSERT INTO auth_permission VALUES(83,2,'delete_previsaoescalasproxy','Can delete Previsões de Nomeação');
INSERT INTO auth_permission VALUES(84,2,'view_previsaoescalasproxy','Can view Previsões de Nomeação');
CREATE TABLE IF NOT EXISTS "auth_group" ("id" integer NOT NULL PRIMARY KEY AUTOINCREMENT, "name" varchar(150) NOT NULL UNIQUE);
CREATE TABLE IF NOT EXISTS "auth_user" ("id" integer NOT NULL PRIMARY KEY AUTOINCREMENT, "password" varchar(128) NOT NULL, "last_login" datetime NULL, "is_superuser" bool NOT NULL, "username" varchar(150) NOT NULL UNIQUE, "last_name" varchar(150) NOT NULL, "email" varchar(254) NOT NULL, "is_staff" bool NOT NULL, "is_active" bool NOT NULL, "date_joined" datetime NOT NULL, "first_name" varchar(150) NOT NULL);
CREATE TABLE IF NOT EXISTS "reversion_revision" ("id" integer NOT NULL PRIMARY KEY AUTOINCREMENT, "date_created" datetime NOT NULL, "comment" text NOT NULL, "user_id" integer NULL REFERENCES "auth_user" ("id") DEFERRABLE INITIALLY DEFERRED);
CREATE TABLE IF NOT EXISTS "reversion_version" ("id" integer NOT NULL PRIMARY KEY AUTOINCREMENT, "object_id" varchar(191) NOT NULL, "format" varchar(255) NOT NULL, "serialized_data" text NOT NULL, "object_repr" text NOT NULL, "content_type_id" integer NOT NULL REFERENCES "django_content_type" ("id") DEFERRABLE INITIALLY DEFERRED, "revision_id" integer NOT NULL REFERENCES "reversion_revision" ("id") DEFERRABLE INITIALLY DEFERRED, "db" varchar(191) NOT NULL);
CREATE TABLE IF NOT EXISTS "django_session" ("session_key" varchar(40) NOT NULL PRIMARY KEY, "session_data" text NOT NULL, "expire_date" datetime NOT NULL);
CREATE TABLE IF NOT EXISTS "core_configuracaounidade" ("id" integer NOT NULL PRIMARY KEY AUTOINCREMENT, "nome_unidade" varchar(200) NOT NULL, "nome_subunidade" varchar(200) NULL);
CREATE TABLE IF NOT EXISTS "core_feriado" ("id" integer NOT NULL PRIMARY KEY AUTOINCREMENT, "nome" varchar(100) NOT NULL, "data" date NOT NULL, "tipo" varchar(5) NOT NULL);
CREATE TABLE IF NOT EXISTS "core_log" ("id" integer NOT NULL PRIMARY KEY AUTOINCREMENT, "nim_admin" bigint NOT NULL, "acao" varchar(255) NOT NULL, "tipo_acao" varchar(20) NOT NULL, "modelo" varchar(50) NOT NULL, "data" datetime NOT NULL);
CREATE TABLE IF NOT EXISTS "core_militar" ("nim" varchar(8) NOT NULL PRIMARY KEY, "nome" varchar(100) NOT NULL, "posto" varchar(30) NOT NULL, "funcao" varchar(50) NOT NULL, "e_administrador" bool NOT NULL, "telefone" bigint NOT NULL, "email" varchar(254) NOT NULL, "ultima_nomeacao_a" date NULL, "ultima_nomeacao_b" date NULL, "user_id" integer NULL UNIQUE REFERENCES "auth_user" ("id") DEFERRABLE INITIALLY DEFERRED);
CREATE TABLE IF NOT EXISTS "core_escalamilitar" ("id" integer NOT NULL PRIMARY KEY AUTOINCREMENT, "ordem" integer NULL, "escala_id" integer NOT NULL REFERENCES "core_escala" ("id") DEFERRABLE INITIALLY DEFERRED, "militar_id" varchar(8) NOT NULL REFERENCES "core_militar" ("nim") DEFERRABLE INITIALLY DEFERRED);
CREATE TABLE IF NOT EXISTS "core_dispensa" ("id" integer NOT NULL PRIMARY KEY AUTOINCREMENT, "data_inicio" date NOT NULL, "data_fim" date NOT NULL, "motivo" text NOT NULL, "militar_id" varchar(8) NOT NULL REFERENCES "core_militar" ("nim") DEFERRABLE INITIALLY DEFERRED);
CREATE TABLE IF NOT EXISTS "core_role" ("id" integer NOT NULL PRIMARY KEY AUTOINCREMENT, "nome" varchar(100) NOT NULL UNIQUE, "descricao" text NOT NULL);
INSERT INTO core_role VALUES(1,'Administrador','Papel padrão para administradores militares');
CREATE TABLE IF NOT EXISTS "core_role_permissions" ("id" integer NOT NULL PRIMARY KEY AUTOINCREMENT, "role_id" bigint NOT NULL REFERENCES "core_role" ("id") DEFERRABLE INITIALLY DEFERRED, "permission_id" integer NOT NULL REFERENCES "auth_permission" ("id") DEFERRABLE INITIALLY DEFERRED);
CREATE TABLE IF NOT EXISTS "core_servico" ("id" integer NOT NULL PRIMARY KEY AUTOINCREMENT, "nome" varchar(100) NOT NULL, "ativo" bool NOT NULL, "hora_inicio" time NOT NULL, "hora_fim" time NOT NULL, "n_elementos" integer NOT NULL, "n_reservas" integer NOT NULL, "tipo_escalas" varchar(2) NOT NULL, "armamento" bool NOT NULL);
CREATE TABLE IF NOT EXISTS "core_servico_militares" ("id" integer NOT NULL PRIMARY KEY AUTOINCREMENT, "servico_id" integer NOT NULL REFERENCES "core_servico" ("id") DEFERRABLE INITIALLY DEFERRED, "militar_id" varchar(8) NOT NULL REFERENCES "core_militar" ("nim") DEFERRABLE INITIALLY DEFERRED);
CREATE TABLE IF NOT EXISTS "core_escala" ("id" integer NOT NULL PRIMARY KEY AUTOINCREMENT, "comentario" text NOT NULL, "e_escala_b" bool NOT NULL, "observacoes" text NOT NULL, "prevista" bool NOT NULL, "servico_id" integer NOT NULL REFERENCES "core_servico" ("id") DEFERRABLE INITIALLY DEFERRED);
CREATE TABLE IF NOT EXISTS "core_trocaservico" ("id" integer NOT NULL PRIMARY KEY AUTOINCREMENT, "data_troca" date NOT NULL, "data_solicitacao" datetime NOT NULL, "data_aprovacao" datetime NULL, "data_destroca" date NULL, "status" varchar(20) NOT NULL, "observacoes" text NOT NULL, "militar_solicitante_id" varchar(8) NOT NULL REFERENCES "core_militar" ("nim") DEFERRABLE INITIALLY DEFERRED, "militar_trocado_id" varchar(8) NOT NULL REFERENCES "core_militar" ("nim") DEFERRABLE INITIALLY DEFERRED);
CREATE TABLE IF NOT EXISTS "core_nomeacao" ("id" integer NOT NULL PRIMARY KEY AUTOINCREMENT, "data" date NOT NULL, "e_reserva" bool NOT NULL, "observacoes" text NOT NULL, "escala_militar_id" bigint NOT NULL REFERENCES "core_escalamilitar" ("id") DEFERRABLE INITIALLY DEFERRED);
CREATE TABLE IF NOT EXISTS "core_regranomeacao" ("id" integer NOT NULL PRIMARY KEY AUTOINCREMENT, "tipo_folga" varchar(20) NOT NULL, "horas_minimas" integer NOT NULL, "prioridade_modernos" bool NOT NULL, "considerar_ultimo_servico" bool NOT NULL, "permitir_trocas" bool NOT NULL, "servico_id" integer NOT NULL REFERENCES "core_servico" ("id") DEFERRABLE INITIALLY DEFERRED);
DELETE FROM sqlite_sequence;
INSERT INTO sqlite_sequence VALUES('django_migrations',21);
INSERT INTO sqlite_sequence VALUES('django_admin_log',0);
INSERT INTO sqlite_sequence VALUES('django_content_type',21);
INSERT INTO sqlite_sequence VALUES('auth_permission',84);
INSERT INTO sqlite_sequence VALUES('auth_group',0);
INSERT INTO sqlite_sequence VALUES('auth_user',0);
INSERT INTO sqlite_sequence VALUES('core_escala',0);
INSERT INTO sqlite_sequence VALUES('core_role',1);
CREATE UNIQUE INDEX "auth_group_permissions_group_id_permission_id_0cd325b0_uniq" ON "auth_group_permissions" ("group_id", "permission_id");
CREATE INDEX "auth_group_permissions_group_id_b120cbf9" ON "auth_group_permissions" ("group_id");
CREATE INDEX "auth_group_permissions_permission_id_84c5c92e" ON "auth_group_permissions" ("permission_id");
CREATE UNIQUE INDEX "auth_user_groups_user_id_group_id_94350c0c_uniq" ON "auth_user_groups" ("user_id", "group_id");
CREATE INDEX "auth_user_groups_user_id_6a12ed8b" ON "auth_user_groups" ("user_id");
CREATE INDEX "auth_user_groups_group_id_97559544" ON "auth_user_groups" ("group_id");
CREATE UNIQUE INDEX "auth_user_user_permissions_user_id_permission_id_14a6b632_uniq" ON "auth_user_user_permissions" ("user_id", "permission_id");
CREATE INDEX "auth_user_user_permissions_user_id_a95ead1b" ON "auth_user_user_permissions" ("user_id");
CREATE INDEX "auth_user_user_permissions_permission_id_1fbb5f2c" ON "auth_user_user_permissions" ("permission_id");
CREATE INDEX "django_admin_log_content_type_id_c4bce8eb" ON "django_admin_log" ("content_type_id");
CREATE INDEX "django_admin_log_user_id_c564eba6" ON "django_admin_log" ("user_id");
CREATE UNIQUE INDEX "django_content_type_app_label_model_76bd3d3b_uniq" ON "django_content_type" ("app_label", "model");
CREATE UNIQUE INDEX "auth_permission_content_type_id_codename_01ab375a_uniq" ON "auth_permission" ("content_type_id", "codename");
CREATE INDEX "auth_permission_content_type_id_2f476e4b" ON "auth_permission" ("content_type_id");
CREATE UNIQUE INDEX "reversion_version_db_content_type_id_object_id_revision_id_b2c54f65_uniq" ON "reversion_version" ("db", "content_type_id", "object_id", "revision_id");
CREATE INDEX "reversion_revision_date_created_96f7c20c" ON "reversion_revision" ("date_created");
CREATE INDEX "reversion_revision_user_id_17095f45" ON "reversion_revision" ("user_id");
CREATE INDEX "reversion_version_content_type_id_7d0ff25c" ON "reversion_version" ("content_type_id");
CREATE INDEX "reversion_version_revision_id_af9f6a9d" ON "reversion_version" ("revision_id");
CREATE INDEX "reversion_v_content_f95daf_idx" ON "reversion_version" ("content_type_id", "db");
CREATE INDEX "django_session_expire_date_a5c62663" ON "django_session" ("expire_date");
CREATE UNIQUE INDEX "core_escalamilitar_escala_id_militar_id_c57526ca_uniq" ON "core_escalamilitar" ("escala_id", "militar_id");
CREATE INDEX "core_escalamilitar_escala_id_3ce1365a" ON "core_escalamilitar" ("escala_id");
CREATE INDEX "core_escalamilitar_militar_id_57af91ca" ON "core_escalamilitar" ("militar_id");
CREATE INDEX "core_dispensa_militar_id_37b57294" ON "core_dispensa" ("militar_id");
CREATE UNIQUE INDEX "core_role_permissions_role_id_permission_id_2896efdb_uniq" ON "core_role_permissions" ("role_id", "permission_id");
CREATE INDEX "core_role_permissions_role_id_cf9329dc" ON "core_role_permissions" ("role_id");
CREATE INDEX "core_role_permissions_permission_id_9e3ab8cb" ON "core_role_permissions" ("permission_id");
CREATE UNIQUE INDEX "core_servico_militares_servico_id_militar_id_e97660c9_uniq" ON "core_servico_militares" ("servico_id", "militar_id");
CREATE INDEX "core_servico_militares_servico_id_1acf4dc2" ON "core_servico_militares" ("servico_id");
CREATE INDEX "core_servico_militares_militar_id_ca34e0c5" ON "core_servico_militares" ("militar_id");
CREATE INDEX "core_escala_servico_id_254682c6" ON "core_escala" ("servico_id");
CREATE INDEX "core_trocaservico_militar_solicitante_id_95ff6f72" ON "core_trocaservico" ("militar_solicitante_id");
CREATE INDEX "core_trocaservico_militar_trocado_id_5b6bb68b" ON "core_trocaservico" ("militar_trocado_id");
CREATE UNIQUE INDEX "core_nomeacao_escala_militar_id_data_040fc84c_uniq" ON "core_nomeacao" ("escala_militar_id", "data");
CREATE INDEX "core_nomeacao_escala_militar_id_666cf63b" ON "core_nomeacao" ("escala_militar_id");
CREATE UNIQUE INDEX "core_regranomeacao_servico_id_tipo_folga_a244d9b4_uniq" ON "core_regranomeacao" ("servico_id", "tipo_folga");
CREATE INDEX "core_regranomeacao_servico_id_254304be" ON "core_regranomeacao" ("servico_id");
COMMIT;
